clinic_id,location_ny,location_nj,location_ct,location_virtual,location_home,clinic_individual,clinic_chain,clinic_hospital,clinic_med_spa,clinic_telehealth,clinic_home,rater,visits_person,visits_virtual,visits_home,visits_d_nspecify,types_drugs,form_infusion,form_injection,form_oral,form_nasal,form_d_nspecify,degree,cost,insurance,depression,bipolar_disorder,ocd,ptsd,anxiety,schizophrenia,sud,eating_disorders,disorder_d_nspecify,promotional,benefits,citations,risk,other_adhd,other_stress_fatigue,other_autism,other_pain,other_parkinsons,other_stroke,other_ppd,other_end,other_headache,other_suicide,other_cancer,other_grief,other_lyme,other_sleep,other_leg,other_mh,other_sexual,other_tbi,other_pain_head,depressive_disorders,state
1,0,0,1,0,0,1,0,0,0,Telehealth No,0,3,0,0,0,1,0,0,0,0,0,1,1,0,0,0,0,0,0,0,0,0,0,1,0,1,0,0,0,0,0,0,0,0,0,0,0,0,0,0,0,0,0,0,0,0,0,0,Single State
2,1,0,0,0,0,1,0,0,0,Telehealth No,0,3,1,0,0,0,0,0,1,1,0,0,1,1,1,1,0,1,1,1,0,0,0,0,1,1,0,1,0,0,0,1,0,0,0,0,0,1,0,0,0,0,0,0,0,0,1,1,Single State
3,0,1,0,0,0,0,1,0,0,Telehealth No,0,3,1,0,0,0,0,1,0,0,0,0,1,0,0,1,1,1,1,1,0,0,0,0,0,0,0,0,0,0,0,1,0,0,0,0,0,0,0,0,0,0,0,0,0,0,1,1,Single State
4,1,0,0,1,0,1,0,0,0,Telehealth Yes,0,3,1,1,0,0,0,0,0,1,0,0,0,1,0,1,0,0,1,1,0,0,0,0,0,1,1,0,0,0,0,0,0,0,0,0,0,0,0,0,0,0,0,0,0,0,0,1,Single State
5,0,0,1,0,0,1,0,0,0,Telehealth No,0,3,1,0,0,0,0,1,0,0,0,0,1,0,1,1,0,0,0,0,0,0,0,0,0,1,0,1,0,0,0,1,0,0,0,0,0,0,1,0,0,0,0,0,0,0,1,1,Single State
6,1,0,0,1,0,1,0,0,0,Telehealth Yes,0,3,0,1,0,0,0,0,0,1,0,0,0,1,0,1,0,0,1,1,0,0,1,0,0,1,0,0,0,0,0,0,0,0,0,0,0,0,0,0,0,0,0,1,0,0,0,1,Single State
7,0,1,0,0,0,1,0,0,0,Telehealth No,0,3,1,0,0,0,0,1,0,0,0,0,1,1,0,1,0,1,1,1,0,1,0,0,0,1,0,1,0,0,0,1,0,0,1,0,1,0,0,0,0,0,0,0,0,0,1,1,Single State
8,0,1,0,0,0,1,0,0,0,Telehealth No,0,3,1,0,0,0,1,1,0,0,1,0,1,1,0,1,1,0,1,1,0,0,0,0,1,1,0,0,0,0,0,1,0,0,0,0,1,0,0,0,0,0,0,1,0,0,1,1,Single State
9,1,0,0,0,0,1,0,0,0,Telehealth No,0,3,1,0,0,0,0,1,0,0,0,0,1,0,0,1,1,1,1,1,0,0,0,0,0,1,1,0,0,0,0,1,0,0,0,0,0,0,0,0,0,0,0,0,0,0,1,1,Single State
10,1,0,0,1,0,1,0,0,0,Telehealth Yes,0,3,1,1,0,0,0,0,0,1,0,0,0,0,0,1,0,0,1,1,0,0,0,0,0,1,1,0,0,0,0,0,0,0,0,0,0,0,0,0,0,0,0,0,0,0,0,1,Single State
11,1,0,0,0,0,1,0,0,0,Telehealth No,0,3,1,0,0,0,0,0,0,0,0,1,1,0,0,1,0,0,0,1,0,0,0,0,0,1,0,0,0,0,0,0,0,0,0,0,0,0,0,0,0,0,0,0,0,0,0,1,Single State
12,1,1,0,1,0,0,0,0,0,Telehealth Yes,0,3,0,1,0,0,0,0,0,1,0,0,1,1,1,1,0,0,0,1,0,0,0,0,0,1,1,1,0,0,0,0,0,0,0,0,0,0,0,0,0,0,0,0,0,0,0,1,combination
13,1,0,0,0,0,1,0,0,0,Telehealth No,0,3,0,0,0,1,0,0,0,0,0,1,0,0,0,0,0,0,0,0,0,0,0,1,0,1,0,0,0,0,0,0,0,0,0,0,0,0,0,0,0,0,0,0,0,0,0,0,Single State
14,1,0,1,1,0,1,0,0,0,Telehealth Yes,0,3,1,1,0,0,0,0,0,1,0,0,0,0,0,0,0,0,0,0,0,0,0,1,0,1,0,0,0,0,0,0,0,0,0,0,0,0,0,0,0,0,0,0,0,0,0,0,combination
15,1,0,0,0,0,1,0,0,0,Telehealth No,0,3,1,0,0,0,0,1,0,0,0,0,1,0,0,1,0,0,1,1,0,0,0,0,0,1,0,1,0,0,0,1,0,0,0,0,0,0,0,0,0,0,0,0,0,0,1,1,Single State
16,1,0,0,1,0,0,1,0,0,Telehealth Yes,0,3,1,1,0,0,0,0,0,1,0,0,0,1,1,1,0,1,1,1,0,1,0,0,0,1,1,0,0,0,0,1,0,0,0,0,0,0,0,0,0,0,0,0,0,0,1,1,Single State
17,0,0,0,1,0,1,0,0,0,Telehealth Yes,0,3,1,1,0,0,0,0,0,1,0,0,0,0,0,1,0,0,1,1,0,0,0,0,0,1,0,0,0,0,0,0,0,0,0,0,0,0,0,0,0,0,0,0,0,0,0,1,combination
18,1,0,0,1,0,1,0,0,0,Telehealth Yes,0,3,1,1,0,0,0,0,0,1,0,0,0,0,0,1,0,0,1,1,0,0,0,0,0,1,1,0,0,0,0,0,0,0,0,0,0,0,0,0,0,0,0,0,0,0,0,1,Single State
19,1,0,0,0,0,1,0,0,0,Telehealth No,0,3,0,0,0,1,0,0,0,0,0,1,1,0,1,1,0,0,0,0,0,0,0,0,0,1,1,1,0,0,0,0,0,0,0,0,0,0,0,0,0,0,0,0,0,0,0,1,Single State
20,0,0,1,0,0,1,0,0,0,Telehealth No,0,3,1,0,0,0,0,0,0,1,0,0,0,0,0,1,0,1,1,1,0,0,0,0,0,1,1,0,0,0,0,0,0,0,0,0,0,0,0,0,0,0,0,0,0,0,0,1,Single State
21,1,0,0,0,0,1,0,0,0,Telehealth No,0,3,1,0,0,0,0,1,0,0,0,0,1,1,0,1,0,0,0,0,0,0,0,0,1,1,1,1,0,0,0,0,0,0,0,0,0,0,0,0,0,0,0,0,0,0,0,1,Single State
22,1,0,1,1,0,0,0,0,0,Telehealth Yes,0,3,0,1,0,0,0,1,1,1,0,0,1,1,0,1,0,0,0,1,0,0,0,0,1,1,1,1,0,1,0,0,0,0,0,0,0,0,0,0,0,0,0,0,0,0,0,1,combination
23,1,0,0,0,0,1,0,0,0,Telehealth No,0,3,1,0,0,0,0,1,0,0,0,0,1,0,0,1,0,0,1,1,0,0,1,0,0,1,0,1,0,0,0,0,0,0,0,0,0,1,0,0,0,0,0,1,0,0,0,1,Single State
24,1,0,1,0,0,0,1,0,0,Telehealth No,0,3,1,0,0,0,0,1,0,0,0,0,1,0,1,1,1,1,1,1,0,1,0,0,0,1,0,0,0,1,0,1,0,0,0,0,0,0,0,0,0,1,0,0,0,0,1,1,combination
25,1,0,0,0,0,1,0,0,0,Telehealth No,0,3,1,0,0,0,0,1,0,0,0,0,1,0,0,1,1,1,1,1,0,0,0,0,0,1,0,0,0,0,0,0,0,0,0,0,0,0,0,0,0,0,0,0,0,0,0,1,Single State
26,1,0,0,1,0,1,0,0,0,Telehealth Yes,0,3,1,1,0,0,0,0,0,1,0,0,0,1,0,1,0,0,1,1,0,0,0,0,1,1,0,0,0,0,0,0,0,0,0,0,0,0,0,0,0,0,0,0,0,0,0,1,Single State
27,1,0,0,1,0,1,0,0,0,Telehealth Yes,0,3,1,1,0,0,0,0,0,1,0,0,0,1,1,1,0,0,1,1,0,0,0,0,1,1,0,0,0,0,0,0,0,0,0,0,0,0,0,0,0,0,0,0,0,0,0,1,Single State
28,1,0,0,1,0,1,0,0,0,Telehealth Yes,0,3,1,1,0,0,0,0,0,1,0,0,0,1,0,1,0,1,1,1,0,1,0,0,1,1,1,1,0,0,0,1,0,0,0,0,0,0,0,0,0,0,0,0,0,0,1,1,Single State
29,1,0,0,1,0,1,0,0,0,Telehealth Yes,0,3,1,1,0,0,0,0,0,1,0,0,0,1,0,1,0,0,1,1,0,0,0,0,1,1,1,0,0,0,0,0,0,0,0,0,0,0,0,0,0,0,0,0,0,0,0,1,Single State
30,1,1,0,1,0,0,0,0,0,Telehealth Yes,0,3,0,1,0,0,0,0,0,1,0,0,0,1,0,1,0,0,1,1,0,0,0,0,0,1,1,0,0,0,0,0,0,0,0,0,0,0,0,0,0,0,0,0,0,0,0,1,combination
31,1,0,0,0,0,1,0,0,0,Telehealth No,0,3,1,0,0,0,0,0,0,1,0,0,0,1,1,0,0,1,1,1,0,0,0,0,1,1,1,1,0,0,0,0,0,0,0,0,0,0,0,0,0,0,0,0,0,0,0,0,Single State
32,1,0,0,0,0,1,0,0,0,Telehealth No,0,3,1,0,0,0,0,0,0,0,1,0,1,1,0,1,0,0,1,1,0,1,0,0,1,1,0,0,0,0,0,0,0,0,0,0,0,0,0,0,0,0,0,0,0,0,0,1,Single State
33,1,0,0,1,0,1,0,0,0,Telehealth Yes,0,3,1,1,0,0,0,0,0,1,0,0,0,1,0,1,0,0,1,1,0,0,0,0,0,1,0,0,0,0,0,0,0,0,0,0,0,0,0,0,0,0,0,0,0,0,0,1,Single State
34,0,0,1,0,0,1,0,0,0,Telehealth No,0,3,0,0,0,1,0,0,0,0,0,1,1,0,0,1,0,0,1,1,0,1,0,0,0,1,0,0,0,0,0,0,0,0,0,0,0,0,0,0,0,0,0,0,0,0,0,1,Single State
35,1,0,0,1,0,0,0,0,0,Telehealth Yes,0,3,0,1,0,0,0,0,0,1,0,0,0,0,0,1,1,1,1,1,0,0,0,0,1,0,0,0,0,1,0,0,0,0,0,0,0,0,0,0,0,0,0,0,0,0,0,1,Single State
36,1,0,0,1,0,1,0,0,0,Telehealth Yes,0,3,1,1,0,0,0,0,0,0,0,1,0,0,1,0,0,0,0,0,0,0,0,1,0,0,0,0,0,0,0,0,0,0,0,0,0,0,0,0,0,0,0,0,0,0,0,0,Single State
37,1,0,0,0,0,1,0,0,0,Telehealth No,0,3,1,0,0,0,0,0,0,0,0,1,0,0,0,1,0,0,1,1,0,0,0,0,0,1,1,1,0,0,0,0,0,0,0,0,0,0,0,0,0,0,0,0,0,0,0,1,Single State
38,1,0,0,0,0,0,1,0,0,Telehealth No,0,3,1,0,0,0,1,0,0,0,0,1,1,1,0,1,0,0,0,0,0,0,0,0,1,1,0,1,0,0,0,0,0,0,0,0,0,0,0,0,0,0,0,0,0,0,0,1,Single State
39,1,0,0,1,0,1,0,0,0,Telehealth Yes,0,3,1,1,0,0,0,0,0,1,0,0,0,1,1,1,0,0,1,1,0,0,0,0,1,1,1,0,0,0,0,0,0,0,0,0,0,0,0,0,0,0,0,0,0,0,0,1,Single State
40,1,0,0,0,0,0,0,1,0,Telehealth No,0,3,1,0,0,0,1,1,0,0,0,0,1,0,1,1,0,0,0,0,0,0,0,0,0,1,0,1,0,0,0,0,0,0,0,0,0,0,0,0,0,0,0,0,0,0,0,1,Single State
41,0,0,0,0,1,0,0,0,0,Telehealth No,1,3,0,0,1,0,0,1,0,0,0,0,1,1,0,1,0,0,1,1,0,1,0,0,0,1,0,0,0,0,0,1,0,0,0,0,0,0,0,0,0,0,0,0,0,0,1,1,combination
42,0,0,1,0,0,1,0,0,0,Telehealth No,0,3,1,0,0,0,0,0,0,0,0,1,1,0,0,1,0,0,0,1,0,0,0,0,0,1,0,0,0,0,0,0,0,0,0,0,0,0,0,0,0,0,0,0,0,0,0,1,Single State
43,1,0,1,1,1,1,0,0,0,Telehealth Yes,1,3,1,1,1,0,0,0,0,1,0,0,0,1,0,1,0,0,1,1,0,0,0,0,0,1,0,0,0,0,0,0,0,0,0,0,0,0,0,0,0,0,0,0,0,0,0,1,combination
44,1,0,0,1,0,0,1,0,0,Telehealth Yes,0,3,1,0,0,0,0,0,0,1,0,0,0,0,0,1,0,0,1,1,0,0,0,0,0,1,1,0,0,0,0,0,0,0,0,0,0,0,0,0,0,0,0,0,0,0,0,1,Single State
45,1,0,0,0,0,1,0,0,0,Telehealth No,0,3,0,0,0,1,0,1,1,0,0,0,0,0,1,1,1,1,1,1,0,1,1,0,0,1,1,1,0,0,0,1,0,0,0,0,1,1,0,1,0,0,0,1,0,0,1,1,Single State
46,1,0,0,0,0,1,0,0,0,Telehealth No,0,3,1,0,0,0,0,0,1,1,0,0,1,1,0,1,1,1,1,1,0,0,0,0,0,1,0,1,0,0,0,1,0,0,0,0,0,0,0,0,0,0,0,0,0,0,1,1,Single State
47,0,0,1,0,0,0,1,0,0,Telehealth No,0,3,1,0,0,0,0,0,0,0,0,1,1,0,0,1,1,0,0,0,0,0,0,0,0,0,0,0,0,0,0,0,0,0,1,0,0,0,0,0,0,0,0,0,0,0,0,1,Single State
48,1,0,0,0,0,0,1,0,0,Telehealth No,0,3,1,0,0,0,1,1,0,0,0,0,1,0,1,1,0,0,0,0,0,0,0,0,0,1,1,1,0,0,0,0,0,0,0,0,0,1,0,0,0,0,0,0,0,0,0,1,Single State
49,0,0,1,0,0,1,0,0,0,Telehealth No,0,3,1,0,0,0,0,0,0,1,0,0,0,0,1,1,0,0,1,1,0,0,0,0,1,1,1,1,0,0,0,0,0,0,0,0,0,0,0,0,0,0,0,0,0,0,0,1,Single State
50,1,0,0,0,0,1,0,0,0,Telehealth No,0,3,0,0,0,1,0,0,0,1,0,0,0,0,1,1,0,0,1,1,0,1,0,0,0,0,0,0,0,0,0,1,0,0,0,0,0,0,0,0,0,0,0,0,0,0,1,1,Single State
51,0,0,1,0,0,0,1,0,0,Telehealth No,0,3,1,0,0,0,1,1,0,0,0,0,1,0,1,1,0,0,1,0,0,1,0,0,0,1,0,0,0,0,0,0,0,0,1,0,0,0,0,0,0,0,0,0,0,0,0,1,Single State
52,0,1,0,0,0,1,0,0,0,Telehealth No,0,3,1,0,0,0,0,0,0,0,0,1,0,0,0,1,0,0,0,1,0,1,0,0,0,1,0,0,0,0,0,0,0,0,0,0,0,0,0,0,0,0,0,0,0,0,0,1,Single State
53,1,0,0,0,0,1,0,0,0,Telehealth No,0,3,1,0,0,0,0,0,0,0,0,1,0,1,0,0,0,0,0,0,0,0,0,1,0,0,0,0,0,0,0,0,0,0,0,0,0,0,0,0,0,0,0,0,0,0,0,0,Single State
54,1,1,0,0,0,0,1,0,1,Telehealth No,0,3,1,0,0,0,0,1,0,0,0,0,1,0,0,1,0,0,1,0,0,0,0,0,0,1,0,0,0,0,0,0,0,0,0,0,0,0,0,0,0,0,0,0,0,0,0,1,combination
55,1,0,0,1,0,1,0,0,0,Telehealth Yes,0,3,1,1,0,0,0,0,0,1,0,0,0,1,0,1,0,0,1,1,0,1,0,0,0,1,0,0,0,0,0,0,0,0,0,0,0,0,0,0,0,0,0,0,0,0,0,1,Single State
56,1,1,1,1,1,0,0,0,0,Telehealth Yes,1,3,0,1,1,0,0,1,0,1,0,0,1,1,0,1,0,0,0,1,0,1,0,0,0,1,0,1,0,0,0,1,0,0,0,0,0,0,0,0,0,0,0,1,0,0,1,1,combination
57,1,0,0,0,0,0,1,0,0,Telehealth No,0,3,1,0,0,0,0,1,0,0,0,0,1,0,0,1,0,0,1,0,0,0,0,0,0,1,0,0,0,0,0,1,0,0,0,0,1,0,0,0,1,0,0,0,0,0,1,1,Single State
58,1,0,0,0,0,1,0,0,0,Telehealth No,0,3,1,0,0,0,0,1,0,0,0,0,1,1,1,1,0,0,0,0,0,0,0,0,0,1,0,1,0,0,0,0,0,0,0,0,0,0,0,0,0,0,0,0,0,0,0,1,Single State
59,1,0,0,0,0,1,0,0,0,Telehealth No,0,3,1,0,0,0,0,0,0,0,0,1,0,1,0,1,0,0,1,1,0,0,0,0,0,1,0,0,0,0,0,0,0,0,0,0,0,0,0,0,0,0,0,0,0,0,0,1,Single State
60,1,0,0,0,0,0,1,0,0,Telehealth No,0,3,1,0,0,0,0,1,0,0,0,0,1,1,0,1,1,0,1,0,0,1,0,0,1,1,1,1,0,0,0,0,0,0,0,0,0,0,0,0,0,0,0,0,0,0,0,1,Single State
61,1,0,0,1,0,0,0,0,0,Telehealth Yes,0,3,0,1,0,0,0,0,0,1,0,0,0,1,1,1,0,0,1,1,0,1,0,0,0,1,0,0,0,0,0,0,0,0,0,0,0,0,0,0,0,0,0,0,0,0,0,1,Single State
62,1,0,0,0,0,1,0,0,0,Telehealth No,0,3,1,0,0,0,0,0,0,1,0,0,0,1,0,1,0,0,1,1,0,0,0,0,0,1,1,0,0,0,0,0,0,0,0,0,0,0,0,0,0,0,0,0,0,0,0,1,Single State
63,1,0,0,1,0,1,0,0,0,Telehealth Yes,0,3,1,1,0,0,0,0,0,1,0,0,0,0,1,0,0,0,0,0,0,0,0,1,1,1,0,0,0,0,0,0,0,0,0,0,0,0,0,0,0,0,0,0,0,0,0,0,Single State
64,1,0,0,1,0,0,1,0,0,Telehealth Yes,0,3,1,1,0,0,0,0,0,1,0,0,0,1,0,1,1,1,1,0,0,1,0,0,0,1,0,1,0,0,0,0,0,0,0,0,0,0,0,0,0,0,0,0,0,0,0,1,Single State
65,0,1,0,0,0,0,1,0,0,Telehealth No,0,3,1,0,0,0,0,1,0,0,0,0,1,1,0,1,0,1,1,1,0,0,0,0,0,1,0,0,0,0,0,0,0,0,0,0,0,0,0,0,0,0,0,0,0,0,0,1,Single State
66,1,0,0,1,0,1,0,0,0,Telehealth Yes,0,3,1,1,0,0,0,0,0,0,0,1,0,0,1,0,0,0,0,0,0,0,0,1,0,0,0,0,0,0,0,0,0,0,0,0,0,0,0,0,0,0,0,0,0,0,0,0,Single State
67,1,1,0,0,0,1,0,0,0,Telehealth No,0,3,1,0,0,0,0,1,0,0,0,0,1,1,0,1,0,0,1,0,0,0,0,0,0,1,0,0,0,0,0,1,0,0,0,0,1,0,0,0,0,0,0,0,0,0,1,1,combination
68,1,0,0,0,0,1,0,0,1,Telehealth No,0,3,1,0,0,0,0,1,0,0,0,0,1,0,0,1,0,0,1,1,0,0,0,0,1,1,0,1,0,0,0,1,0,0,0,0,0,0,0,0,0,0,0,0,0,0,1,1,Single State
69,0,1,0,0,0,1,0,0,0,Telehealth No,0,3,0,0,0,1,0,0,0,0,0,1,1,0,1,1,0,0,1,1,0,0,0,0,0,0,0,0,0,0,0,1,0,0,0,0,1,0,0,0,0,0,0,0,0,0,1,1,Single State
70,1,0,0,0,0,1,0,0,0,Telehealth No,0,3,1,0,0,0,0,0,0,1,0,0,0,1,0,1,0,0,0,1,0,1,0,0,1,0,0,0,0,0,0,0,0,0,0,0,0,0,0,0,0,0,0,0,0,0,0,1,Single State
71,0,1,0,1,0,1,0,0,0,Telehealth Yes,0,3,1,1,0,0,0,0,0,0,0,1,0,0,0,1,0,1,1,1,0,0,0,0,0,1,1,0,0,0,0,0,0,0,0,0,0,0,0,0,0,0,0,0,0,0,0,1,Single State
72,1,0,0,0,0,0,1,0,0,Telehealth No,0,3,1,0,0,0,1,1,0,0,0,0,1,0,1,1,0,0,1,1,0,0,0,0,0,1,0,1,0,0,0,1,0,0,0,0,0,0,0,0,0,0,0,0,0,0,1,1,Single State
73,0,0,1,0,0,1,0,0,0,Telehealth No,0,3,1,0,0,0,0,1,0,0,0,0,1,0,0,1,1,1,1,1,0,0,0,0,0,0,0,0,0,0,0,1,0,0,0,0,1,1,0,0,0,0,0,0,0,0,1,1,Single State
74,0,0,1,1,0,1,0,0,0,Telehealth Yes,0,3,1,1,0,0,0,1,0,1,1,0,1,0,1,1,0,0,0,0,0,0,0,0,0,1,0,0,0,0,0,1,0,0,0,0,0,0,0,0,0,0,0,0,0,0,1,1,Single State
75,0,0,1,1,0,0,0,0,0,Telehealth Yes,0,3,0,1,0,0,0,0,0,1,0,0,0,1,0,1,0,0,1,1,0,0,0,0,1,1,0,0,0,0,0,0,0,0,0,0,0,0,0,0,0,0,0,0,0,0,0,1,Single State
76,1,0,0,0,0,1,0,0,0,Telehealth No,0,3,0,0,0,1,0,0,0,0,0,1,0,0,0,1,0,1,1,1,0,0,0,0,0,1,0,0,0,0,0,0,0,0,0,0,0,0,0,0,0,0,0,0,0,0,0,1,Single State
77,1,0,0,0,0,1,0,0,0,Telehealth Yes,0,3,1,0,0,0,0,0,0,1,0,0,0,0,0,1,0,0,1,1,0,0,0,0,0,1,1,0,0,0,0,0,0,0,0,0,0,0,0,0,0,0,0,0,0,0,0,1,Single State
78,0,1,0,0,0,1,0,0,0,Telehealth No,0,3,1,0,0,0,0,1,0,0,0,0,1,0,1,1,1,0,0,1,0,0,0,0,0,1,1,1,0,0,0,0,0,0,1,0,0,0,0,0,0,0,0,0,0,0,0,1,Single State
79,0,0,1,1,0,1,0,0,0,Telehealth Yes,0,3,1,1,0,0,0,0,1,1,0,0,0,0,0,1,0,0,1,1,0,1,0,0,0,1,0,1,0,0,0,0,0,0,0,0,0,0,0,0,0,0,0,0,0,0,0,1,Single State
80,0,0,1,0,0,1,0,0,0,Telehealth No,0,3,1,0,0,0,0,1,0,0,0,0,0,0,0,1,0,0,1,1,0,0,0,0,0,1,1,0,0,0,0,0,0,0,0,0,0,0,0,0,0,0,0,0,0,0,0,1,Single State
81,1,0,0,0,0,1,0,0,0,Telehealth No,0,3,1,0,0,0,0,1,0,0,1,0,1,0,1,1,0,0,0,0,0,0,0,0,0,1,0,1,0,0,0,0,0,0,0,0,0,0,0,0,0,0,0,0,0,0,0,1,Single State
82,1,0,0,0,0,1,0,0,0,Telehealth No,0,3,1,0,0,0,1,1,0,0,0,0,0,0,1,1,0,0,0,1,0,1,0,0,0,1,0,0,0,0,0,1,0,0,0,0,0,1,0,0,0,0,0,0,0,0,1,1,Single State
83,1,0,0,0,0,1,0,0,0,Telehealth No,0,3,0,0,0,1,0,1,0,0,0,0,1,1,0,1,0,0,1,1,0,0,0,0,0,0,0,0,0,0,0,0,0,0,0,0,0,0,0,0,0,0,0,0,0,0,0,1,Single State
84,1,0,0,0,0,1,0,0,0,Telehealth No,0,3,1,0,0,0,1,1,0,0,0,0,1,1,1,1,0,0,1,1,0,0,0,0,1,1,1,1,0,0,0,0,0,0,0,0,0,0,0,0,0,0,0,0,0,0,0,1,Single State
85,0,1,0,0,0,1,0,0,0,Telehealth No,0,3,1,0,0,0,0,1,0,0,0,0,1,1,0,1,1,1,1,1,0,1,0,0,0,1,1,1,0,0,0,0,0,0,0,0,1,1,0,0,0,0,0,0,0,0,1,1,Single State
86,0,1,0,0,0,1,0,0,0,Telehealth No,0,3,0,0,0,1,0,0,0,0,0,1,1,1,0,1,0,1,1,1,0,1,0,0,0,1,0,0,0,0,0,0,0,0,0,0,0,0,0,0,0,0,0,0,0,0,0,1,Single State
87,1,1,1,1,0,0,0,0,0,Telehealth Yes,0,3,0,1,0,0,0,0,0,1,0,0,1,1,1,1,0,1,1,1,0,1,1,0,1,1,1,1,0,0,0,0,0,0,0,0,0,0,0,0,0,1,0,1,0,0,0,1,combination
88,1,0,0,0,0,1,0,0,0,Telehealth No,0,3,0,0,0,1,0,0,0,1,0,0,0,0,0,1,0,0,1,0,0,1,0,0,0,1,0,0,0,0,0,0,0,0,0,0,0,0,0,0,0,0,0,0,0,0,0,1,Single State
89,0,1,0,1,0,0,1,0,0,Telehealth Yes,0,3,1,1,0,0,0,0,0,1,0,0,0,1,1,1,0,0,1,1,0,0,0,0,0,1,0,0,0,0,0,0,0,0,0,0,0,0,0,0,0,0,0,0,0,0,0,1,Single State
90,1,0,0,0,0,0,1,0,0,Telehealth No,0,3,1,0,0,0,0,0,1,0,0,0,1,0,0,1,0,0,1,1,0,0,0,0,0,1,0,0,0,0,0,0,0,0,0,0,0,0,0,0,0,0,0,0,0,0,0,1,Single State
91,0,1,0,1,0,1,0,0,0,Telehealth Yes,0,3,1,1,0,0,0,1,0,1,0,0,1,1,0,1,1,1,1,0,0,0,0,0,0,1,0,1,0,1,0,1,0,0,0,0,1,0,0,0,0,0,0,0,0,0,1,1,Single State
92,1,0,0,1,0,0,0,0,0,Telehealth Yes,0,3,0,1,0,0,0,0,0,1,0,0,1,1,0,1,0,0,0,1,0,0,0,0,1,1,1,1,0,0,0,0,0,0,0,0,0,0,0,0,0,0,0,0,0,0,0,1,Single State
93,1,0,0,0,0,1,0,0,0,Telehealth No,0,3,1,0,0,0,0,1,0,0,0,0,1,0,1,1,0,1,1,1,0,1,0,0,0,1,0,1,0,0,0,1,0,0,0,0,0,0,0,0,0,0,0,0,0,0,1,1,Single State
94,1,0,0,0,0,1,0,0,0,Telehealth No,0,3,0,0,0,1,0,0,0,1,0,0,0,1,0,0,0,0,0,0,0,0,0,1,0,1,0,0,0,0,0,0,0,0,0,0,0,0,0,0,0,0,0,0,0,0,0,0,Single State
95,1,1,1,1,0,0,0,0,0,Telehealth Yes,0,3,0,1,0,0,0,0,0,1,0,0,1,1,1,1,0,0,0,1,0,0,0,0,1,1,1,1,0,0,0,0,0,0,0,0,0,0,0,0,0,0,0,0,0,0,0,1,combination
96,1,1,1,1,0,0,0,0,0,Telehealth Yes,0,3,0,1,0,0,0,0,0,1,0,0,0,1,0,1,0,0,1,1,0,0,0,0,1,1,1,1,0,0,0,0,0,0,0,0,0,0,0,0,0,0,0,0,0,0,0,1,combination
97,1,1,0,1,0,0,0,0,0,Telehealth Yes,0,3,0,1,0,0,0,0,0,1,0,0,0,1,0,1,0,0,0,1,0,0,0,0,0,1,0,1,0,0,0,0,0,0,0,0,0,0,0,0,0,0,0,0,0,0,0,1,combination
98,0,1,0,0,0,1,0,0,0,Telehealth No,0,3,1,0,0,0,0,1,0,0,0,0,1,0,0,1,1,1,1,1,0,0,0,0,0,0,0,0,0,0,0,1,0,0,0,0,0,1,0,0,0,0,0,0,0,0,1,1,Single State
99,1,1,0,0,0,0,1,0,0,Telehealth No,0,3,1,0,0,0,1,1,0,0,0,0,1,1,1,1,1,1,1,1,0,1,0,0,1,1,1,1,0,0,0,0,0,0,0,0,0,0,0,0,0,0,0,0,0,0,0,1,combination
100,1,0,0,1,0,1,0,0,0,Telehealth Yes,0,3,1,1,0,0,0,1,0,1,0,0,0,1,0,1,1,1,1,1,0,0,0,0,1,1,0,0,0,0,0,0,0,0,0,0,0,0,0,0,0,0,0,0,0,0,0,1,Single State
101,1,0,0,0,0,1,0,0,0,Telehealth No,0,3,1,0,0,0,1,1,0,0,0,0,1,1,1,1,1,1,1,1,0,1,0,0,0,1,1,1,0,0,0,1,0,0,0,0,0,0,0,0,0,0,0,0,0,0,1,1,Single State
102,1,0,0,0,0,1,0,0,0,Telehealth No,0,3,1,0,0,0,0,1,0,0,0,0,1,0,0,1,1,1,1,0,0,0,0,0,0,1,0,1,0,0,0,1,0,0,0,0,1,1,0,0,0,0,0,0,0,0,1,1,Single State
103,1,1,0,1,0,0,0,0,0,Telehealth Yes,0,3,0,1,0,0,0,0,0,1,0,0,0,1,0,1,0,1,1,1,0,0,1,0,0,1,0,1,0,0,0,0,0,0,0,0,0,0,0,0,0,0,0,1,0,0,0,1,combination
104,1,0,0,1,0,1,0,0,0,Telehealth Yes,0,3,1,1,0,0,0,1,0,1,1,0,1,0,0,1,1,1,1,1,0,0,0,0,0,1,0,0,0,0,0,1,0,0,0,0,1,0,0,0,0,0,0,0,0,0,1,1,Single State
105,0,0,1,0,0,0,1,0,0,Telehealth No,0,3,1,0,0,0,0,1,0,0,0,0,1,0,0,1,0,1,1,1,0,0,0,0,0,1,0,0,0,0,0,0,0,0,0,0,0,0,0,0,0,0,0,0,0,0,0,1,Single State
106,1,0,0,0,0,0,1,0,0,Telehealth No,0,3,1,0,0,0,0,1,1,1,1,0,1,0,0,1,0,0,1,1,0,0,0,0,0,1,0,0,0,0,0,1,0,0,0,0,0,1,0,0,0,0,0,0,0,0,1,1,Single State
107,1,0,0,0,0,1,0,0,0,Telehealth No,0,3,1,0,0,0,0,1,0,0,0,0,1,0,0,1,1,1,1,0,0,1,0,0,0,1,0,0,0,0,0,1,0,0,1,0,0,0,0,0,0,0,0,0,0,0,1,1,Single State
108,1,0,0,0,0,1,0,0,0,Telehealth No,0,3,1,0,0,0,0,1,0,0,0,0,1,0,0,1,1,1,1,1,0,0,0,0,0,1,1,0,0,0,0,0,0,0,0,0,0,0,0,0,0,0,0,0,0,0,0,1,Single State
109,0,1,0,0,0,1,0,0,0,Telehealth No,0,3,1,0,0,0,0,1,0,0,0,0,1,0,0,1,1,1,1,1,0,0,0,0,0,1,0,0,0,0,0,0,0,0,0,0,0,0,0,0,0,0,0,0,0,0,0,1,Single State
110,0,0,1,0,0,1,0,0,0,Telehealth No,0,3,1,0,0,0,0,1,0,0,0,0,1,0,0,1,1,0,1,1,0,0,0,0,0,1,0,0,0,0,0,1,0,0,0,0,1,0,0,0,0,0,0,0,0,0,1,1,Single State
111,0,0,1,0,0,0,1,0,0,Telehealth No,0,3,1,0,0,0,0,1,0,0,0,0,0,0,0,1,0,1,1,1,0,0,0,0,1,1,0,0,0,0,0,1,0,0,0,0,0,0,0,0,0,0,0,0,0,0,1,1,Single State
112,0,1,0,0,0,0,1,0,0,Telehealth No,0,3,1,0,0,0,0,1,0,0,0,0,0,0,0,1,0,1,1,1,0,0,0,0,1,1,0,0,0,0,0,1,0,0,0,0,0,0,0,0,0,0,0,0,0,0,1,1,Single State
113,1,0,0,1,0,0,1,0,0,Telehealth Yes,0,3,1,1,0,0,0,1,0,0,0,0,1,1,0,1,0,1,1,1,0,1,0,0,1,1,0,1,0,0,0,1,0,0,0,0,0,0,0,0,0,0,0,0,0,0,1,1,Single State
114,1,0,0,0,0,1,0,0,0,Telehealth No,0,3,1,0,0,0,0,1,0,0,0,0,1,1,0,1,1,1,1,1,0,0,0,0,0,1,0,0,0,0,0,1,1,0,1,0,1,0,0,0,0,0,0,0,0,0,1,1,Single State
115,1,0,0,0,0,0,1,0,0,Telehealth No,0,3,0,0,0,0,0,1,0,0,0,0,1,0,0,1,0,1,1,1,0,1,0,0,0,1,0,1,0,0,0,1,0,0,0,0,0,0,0,0,0,0,0,0,0,0,1,1,Single State
116,0,1,0,0,0,1,0,0,0,Telehealth No,0,3,1,0,0,0,1,1,0,1,1,0,1,1,1,1,1,1,1,1,0,0,1,0,0,1,0,0,0,0,0,1,0,0,0,0,0,0,0,0,0,0,0,1,0,0,1,1,Single State
117,0,1,0,1,0,1,0,0,0,Telehealth Yes,0,3,1,1,0,0,0,0,0,1,0,0,0,1,1,1,0,1,1,1,0,1,0,0,0,1,1,0,0,0,0,0,0,0,0,0,0,0,0,0,0,0,0,0,0,0,0,1,Single State
118,0,0,1,0,0,0,1,0,0,Telehealth No,0,3,1,0,0,0,0,1,0,0,0,0,1,0,0,1,0,0,1,1,0,0,0,0,0,1,0,0,0,0,0,1,0,0,0,0,1,0,0,0,0,0,0,0,0,0,1,1,Single State
119,1,0,0,1,0,0,0,0,0,Telehealth Yes,0,3,0,1,0,0,0,0,0,1,0,0,0,1,0,1,0,0,1,1,0,0,0,0,0,1,1,0,0,0,0,0,0,0,0,0,0,0,0,0,0,0,0,0,0,0,0,1,Single State
120,1,0,0,0,0,1,0,0,0,Telehealth No,0,3,1,0,0,0,0,0,0,0,0,1,0,1,0,1,0,0,1,1,0,0,0,0,0,1,0,0,0,0,0,0,0,0,0,0,0,0,0,0,0,0,0,0,0,0,0,1,Single State
121,1,0,0,0,0,1,0,0,0,Telehealth No,0,3,1,0,0,0,0,0,0,1,0,0,0,0,0,1,0,0,1,1,0,0,0,0,0,1,0,0,0,0,0,0,0,0,0,0,0,0,0,0,0,0,0,0,0,0,0,1,Single State
122,1,0,0,1,0,1,0,0,0,Telehealth Yes,0,3,1,1,0,0,0,0,0,0,0,1,0,1,0,0,0,0,0,0,0,0,0,1,1,0,0,0,0,0,0,0,0,0,0,0,0,0,0,0,0,0,0,0,0,0,0,0,Single State
123,1,0,0,0,0,0,1,0,0,Telehealth No,0,3,1,0,0,0,1,1,0,0,0,0,1,0,1,1,1,1,1,1,0,0,0,0,0,1,1,1,0,0,0,0,0,0,0,0,0,1,0,0,0,0,0,0,0,0,0,1,Single State
124,1,0,0,0,0,1,0,0,0,Telehealth No,0,3,0,0,0,1,0,0,0,0,0,1,0,0,0,1,0,0,1,1,0,1,0,0,1,1,1,0,0,0,0,0,0,0,0,0,0,0,0,0,0,0,0,0,0,0,0,1,Single State
125,0,0,1,0,0,1,0,0,0,Telehealth No,0,3,1,0,0,0,0,1,0,0,0,0,1,1,0,1,0,0,1,1,0,0,0,0,1,1,0,1,0,0,0,1,0,0,0,0,1,0,0,0,0,0,0,0,0,0,1,1,Single State
126,0,0,1,1,0,1,0,0,0,Telehealth Yes,0,3,1,1,0,0,0,0,0,0,0,1,0,0,0,1,0,0,1,1,0,0,0,0,0,1,0,0,0,0,0,0,0,0,0,0,0,0,0,0,0,0,0,0,0,0,0,1,Single State
127,1,0,0,1,0,0,0,0,0,Telehealth Yes,0,3,0,1,0,0,0,0,0,1,0,0,0,1,1,0,0,0,0,0,0,0,0,1,0,1,0,0,0,0,0,0,0,0,0,0,0,0,0,0,0,0,0,0,0,0,0,0,Single State
128,1,0,0,0,0,1,0,0,0,Telehealth No,0,3,1,0,0,0,0,1,0,0,0,0,1,0,0,1,1,1,1,1,0,0,0,0,0,1,0,1,0,0,0,1,0,0,0,0,1,0,0,0,0,0,0,0,0,0,1,1,Single State
129,0,0,1,0,0,1,0,0,0,Telehealth No,0,3,1,0,0,0,0,1,0,0,0,0,1,1,0,1,1,1,1,1,0,0,0,0,0,1,0,0,0,0,0,0,0,0,0,0,0,0,0,0,0,0,0,0,0,0,0,1,Single State
130,1,0,0,0,0,0,1,0,0,Telehealth No,0,3,1,0,0,0,0,1,0,0,0,0,1,0,1,1,0,1,1,1,0,0,0,0,0,1,1,1,0,0,0,1,0,0,0,0,1,0,0,0,0,0,0,0,0,0,1,1,Single State
131,1,0,0,0,0,1,0,0,0,Telehealth No,0,3,1,0,0,0,0,1,0,0,0,0,1,0,0,1,0,0,1,1,0,0,0,0,0,1,1,1,0,0,0,1,0,0,0,0,0,1,0,0,0,0,0,1,0,0,1,1,Single State
132,0,0,1,0,0,1,0,0,0,Telehealth No,0,3,1,0,0,0,1,1,0,0,0,0,1,0,1,1,0,0,0,1,0,0,0,0,0,1,0,1,0,0,0,0,0,0,0,0,0,1,0,0,0,0,0,0,0,0,0,1,Single State
133,1,0,0,1,0,1,0,0,0,Telehealth Yes,0,3,1,1,0,0,0,0,0,1,0,0,0,1,0,1,0,0,1,1,0,0,0,0,0,1,1,0,0,0,0,0,0,0,0,0,0,0,0,0,0,0,0,0,0,0,0,1,Single State
134,1,0,0,0,0,1,0,0,0,Telehealth No,0,3,1,0,0,0,0,0,0,1,1,0,0,0,0,1,0,1,1,1,0,1,0,0,0,1,1,0,1,0,0,0,0,0,0,0,0,0,0,0,0,0,0,0,0,0,0,1,Single State
135,1,0,0,1,0,1,0,0,0,Telehealth Yes,0,3,1,1,0,0,0,1,0,0,0,0,1,0,0,1,0,0,1,1,0,0,0,0,0,1,0,0,0,0,0,0,0,0,0,0,0,0,0,0,0,0,0,0,0,0,0,1,Single State
136,0,0,1,0,0,1,0,0,0,Telehealth No,0,3,1,0,0,0,0,0,0,1,0,0,0,1,0,1,0,0,1,1,0,0,0,0,0,1,0,1,0,0,0,0,0,0,0,0,0,0,0,0,0,0,0,0,0,0,0,1,Single State
137,1,0,0,1,0,0,1,0,0,Telehealth Yes,0,3,1,1,0,0,0,0,0,1,0,0,0,1,1,1,0,0,0,1,0,0,0,0,0,1,0,0,0,0,0,0,0,0,0,0,0,0,0,0,0,0,0,0,0,0,0,1,Single State
138,1,0,0,1,0,1,0,0,0,Telehealth Yes,0,3,1,1,0,0,0,0,0,1,0,0,0,1,1,1,0,0,1,1,0,0,0,0,0,1,0,0,0,0,0,0,0,0,0,0,0,0,0,0,0,0,0,0,0,0,0,1,Single State
139,1,0,0,1,0,1,0,0,0,Telehealth No,0,3,1,0,0,0,0,0,0,1,0,0,0,1,0,1,0,0,1,1,0,0,0,0,1,1,0,0,0,0,0,0,0,0,0,0,0,0,0,0,0,0,0,0,0,0,0,1,Single State
140,1,0,0,1,0,1,0,0,0,Telehealth Yes,0,3,1,1,0,0,0,0,0,1,0,0,0,1,1,1,0,0,1,1,0,0,0,0,0,1,0,0,0,0,0,0,0,0,0,0,0,0,0,0,0,0,0,0,0,0,0,1,Single State
141,1,0,0,1,0,1,0,0,0,Telehealth Yes,0,3,1,1,0,0,0,0,0,0,0,1,0,1,1,1,0,0,1,1,0,0,0,0,0,1,0,0,0,0,0,1,0,0,0,0,0,0,0,0,0,0,0,0,0,0,1,1,Single State
142,1,0,0,1,0,1,0,0,0,Telehealth Yes,0,3,1,1,0,0,0,0,0,0,0,1,0,1,1,1,0,0,1,1,0,0,0,0,0,0,0,0,0,0,0,0,0,0,0,0,0,0,0,0,0,0,0,0,0,0,0,1,Single State
143,1,1,0,1,0,1,0,0,0,Telehealth Yes,0,3,1,1,0,0,0,0,0,1,0,0,0,1,0,1,0,0,1,1,0,0,0,0,0,0,0,0,0,0,0,0,0,0,0,0,0,0,0,0,0,0,0,0,0,0,0,1,combination
144,1,0,0,0,0,0,0,1,0,Telehealth No,0,3,1,0,0,0,0,0,0,0,0,1,0,0,1,1,0,0,1,1,0,0,0,0,0,1,0,1,0,0,0,0,0,0,0,0,0,0,0,0,0,0,0,0,0,0,0,1,Single State
145,0,1,0,1,0,1,0,0,0,Telehealth Yes,0,3,1,1,0,0,0,0,0,1,0,0,0,1,0,1,0,0,1,1,0,1,0,0,0,1,1,0,0,0,0,0,0,0,0,0,0,0,0,0,0,0,0,0,0,0,0,1,Single State
146,0,0,1,0,0,1,0,0,0,Telehealth No,0,3,1,0,0,0,0,0,0,1,0,0,0,0,1,1,0,0,1,1,0,0,0,0,0,1,0,0,0,0,0,1,0,0,0,0,0,0,0,0,0,0,0,0,0,0,1,1,Single State
147,0,1,0,1,0,1,0,0,0,Telehealth Yes,0,3,0,1,0,0,0,0,0,1,0,0,0,1,0,1,0,1,1,1,0,0,0,0,1,1,0,0,0,0,0,0,0,0,0,0,0,0,0,0,0,0,0,0,0,0,0,1,Single State
148,1,0,0,1,0,0,0,0,0,Telehealth Yes,0,3,0,1,0,0,0,0,0,1,0,0,0,0,0,1,1,1,1,0,0,1,0,0,0,1,1,1,0,0,0,1,0,0,0,0,1,1,0,0,0,0,0,0,0,0,1,1,Single State
149,1,1,0,0,0,0,0,0,0,Telehealth Yes,0,3,0,1,0,0,0,0,0,1,0,0,1,1,0,1,0,0,1,1,0,0,0,0,1,1,1,1,0,0,0,0,0,0,0,0,0,0,0,0,0,0,0,0,0,0,0,1,combination
150,1,0,0,0,0,1,0,0,0,Telehealth No,0,3,1,0,0,0,0,1,0,0,0,0,1,0,0,1,1,1,1,1,0,0,0,0,0,1,0,1,0,0,0,0,0,0,1,0,0,1,0,0,0,0,0,0,0,0,0,1,Single State
151,1,0,0,0,0,0,1,0,0,Telehealth No,0,3,1,0,0,0,0,0,1,1,0,0,1,1,0,1,0,1,1,0,0,1,0,0,0,1,0,0,0,0,0,0,0,0,0,0,0,0,0,0,0,0,0,0,0,0,0,1,Single State
152,1,0,0,1,0,1,0,0,0,Telehealth Yes,0,3,1,1,0,0,0,0,0,1,0,0,0,1,0,0,0,0,0,0,0,0,0,1,0,0,0,0,0,0,0,0,0,0,0,0,0,0,0,0,0,0,0,0,0,0,0,0,Single State
153,0,1,0,1,0,1,0,0,0,Telehealth Yes,0,3,1,1,0,0,0,0,0,1,0,0,0,1,0,1,0,0,1,1,0,0,0,0,0,1,0,0,0,0,0,0,0,0,0,0,0,0,0,0,0,0,0,0,0,0,0,1,Single State
154,1,0,0,0,0,1,0,0,0,Telehealth No,0,3,1,0,0,0,0,0,0,1,0,0,0,0,0,1,0,0,1,1,0,0,0,0,0,1,0,0,0,0,0,0,0,0,0,0,0,0,0,0,0,0,0,0,0,0,0,1,Single State
155,1,0,0,1,0,0,1,0,0,Telehealth Yes,0,3,1,1,0,0,0,1,1,0,1,0,0,0,1,1,1,1,1,1,0,0,0,0,1,1,0,1,0,0,0,0,0,0,0,0,0,0,0,0,0,0,0,0,0,0,0,1,Single State
156,1,0,0,1,0,0,0,0,0,Telehealth Yes,0,3,0,1,0,0,0,0,0,1,0,0,0,0,0,1,0,0,1,1,0,0,0,0,0,1,0,0,0,0,0,0,0,0,0,0,0,0,0,0,0,0,0,0,0,0,0,1,Single State
157,1,0,0,0,0,1,0,0,0,Telehealth No,0,3,1,0,0,0,0,1,0,0,0,0,1,0,0,1,0,1,1,1,0,0,0,0,0,1,1,0,0,0,0,0,0,0,1,0,0,0,0,0,0,0,0,0,0,0,0,1,Single State
158,1,0,0,1,0,1,0,0,0,Telehealth Yes,0,3,1,1,0,0,0,0,0,1,0,0,0,1,1,1,0,0,1,1,0,0,0,0,1,1,1,0,0,0,0,0,0,0,0,0,0,0,0,0,0,0,0,0,0,0,0,1,Single State
159,0,1,0,0,0,0,1,0,0,Telehealth No,0,3,1,0,0,0,1,1,1,0,0,0,1,0,1,1,0,0,1,1,0,1,0,0,0,1,0,1,0,0,1,1,1,1,0,0,0,0,0,0,0,0,0,0,0,0,1,1,Single State
160,1,0,0,0,0,1,0,0,0,Telehealth No,0,3,1,0,0,0,0,1,0,0,0,0,0,0,0,1,1,1,1,1,0,0,0,0,0,1,0,1,0,0,0,1,0,0,0,0,0,0,0,0,0,0,0,0,0,0,1,1,Single State
161,1,0,0,0,0,1,0,0,0,Telehealth No,0,3,1,0,0,0,1,1,1,1,0,0,1,1,1,1,0,0,0,0,0,0,0,0,0,1,1,1,0,0,0,0,0,0,0,0,0,0,0,0,0,0,0,0,0,0,0,1,Single State
162,1,0,0,0,0,1,0,0,0,Telehealth No,0,3,1,0,0,0,1,0,0,0,0,1,1,0,1,1,1,0,1,1,0,0,0,0,0,1,0,1,0,0,0,0,0,0,0,0,0,0,0,0,0,0,0,0,0,0,0,1,Single State
163,1,0,0,0,0,0,0,1,0,Telehealth No,0,3,1,0,0,0,0,1,0,0,0,0,0,1,0,1,0,0,0,0,0,0,0,0,0,1,0,0,0,0,0,0,0,0,0,0,0,0,0,0,0,0,0,0,0,0,0,1,Single State
164,1,0,0,0,0,1,0,0,0,Telehealth No,0,3,1,0,0,0,1,1,1,0,0,0,1,1,0,1,1,1,1,1,0,1,1,0,1,1,1,1,0,0,1,1,0,0,0,0,0,0,0,0,0,0,0,1,0,0,1,1,Single State
165,1,0,0,1,0,1,0,0,0,Telehealth Yes,0,3,1,1,0,0,0,0,0,1,0,0,0,0,0,1,0,0,1,1,0,0,0,0,0,1,0,0,0,0,0,0,0,0,0,0,0,0,0,0,0,0,0,0,0,0,0,1,Single State
166,1,0,0,0,0,0,1,0,0,Telehealth No,0,3,1,0,0,0,0,1,0,0,0,0,1,1,0,1,1,1,1,1,0,1,0,0,1,1,1,1,0,0,0,1,0,0,0,0,0,0,0,0,0,0,0,0,0,0,1,1,Single State
167,1,0,0,0,0,1,0,0,0,Telehealth No,0,3,0,0,0,1,0,0,0,1,0,0,0,0,0,1,0,0,1,1,0,0,0,0,0,1,0,0,0,0,0,0,0,0,0,0,0,0,0,0,0,0,0,0,0,0,0,1,Single State
168,1,0,0,0,0,1,0,0,0,Telehealth No,0,3,1,0,0,0,0,0,1,0,0,0,1,0,0,1,0,0,1,1,0,1,0,0,0,1,0,0,0,0,0,0,0,0,0,0,0,0,0,0,0,0,0,0,0,0,0,1,Single State
169,1,0,0,0,0,0,1,0,0,Telehealth No,0,3,0,0,0,1,0,0,0,1,0,0,0,1,1,1,0,0,1,1,0,1,0,0,1,1,0,0,0,0,0,0,0,0,0,0,0,0,0,0,0,0,0,0,0,0,0,1,Single State
170,1,0,0,0,0,0,1,0,0,Telehealth No,0,3,1,0,0,0,0,1,0,0,0,0,1,0,0,1,1,1,1,1,0,1,0,0,0,1,0,1,0,0,0,1,0,0,0,0,0,0,0,0,0,0,0,0,0,0,1,1,Single State
171,1,0,0,0,0,0,1,0,0,Telehealth No,0,3,1,0,0,0,0,1,0,0,0,0,1,0,0,1,1,1,1,1,0,0,0,0,0,1,0,1,0,0,0,1,0,0,0,0,0,0,0,0,0,0,0,0,0,0,1,1,Single State
172,1,0,0,0,0,0,1,0,0,Telehealth No,0,3,1,0,0,0,0,1,0,0,0,0,1,0,0,1,0,0,0,0,0,0,0,0,0,1,0,1,0,0,0,0,0,0,0,0,0,0,0,0,0,0,0,0,0,0,0,1,Single State
173,1,0,0,0,0,0,1,0,1,Telehealth No,0,3,0,0,0,1,0,0,0,1,0,0,0,0,1,1,0,1,1,1,0,0,0,0,0,1,0,1,0,0,0,0,0,0,0,0,0,1,0,0,0,0,0,0,0,0,0,1,Single State
174,0,1,0,0,0,0,1,0,0,Telehealth No,0,3,1,0,0,0,0,0,0,1,0,0,0,1,0,1,0,0,1,1,0,0,0,0,0,1,0,0,0,0,0,0,0,0,0,0,0,0,0,0,0,0,0,0,0,0,0,1,Single State
175,0,1,0,0,0,1,0,0,0,Telehealth No,0,3,1,0,0,0,1,1,0,0,0,0,0,0,0,1,1,1,1,1,0,0,0,0,0,1,0,0,0,0,0,1,0,0,0,0,0,0,0,0,0,0,0,0,0,0,1,1,Single State
176,1,0,1,0,0,0,1,0,0,Telehealth No,0,3,1,0,0,0,1,1,0,0,1,0,1,0,1,1,0,1,1,1,0,0,0,0,0,1,0,1,0,0,0,1,0,0,0,0,0,1,0,0,0,0,0,0,0,0,1,1,combination
177,1,0,0,1,0,1,0,0,0,Telehealth Yes,0,3,1,1,0,0,1,1,1,1,0,0,0,0,1,1,0,0,1,1,0,0,0,0,0,1,0,1,0,0,0,0,0,0,0,0,0,0,0,0,0,0,0,0,0,0,0,1,Single State
178,1,0,0,0,0,1,0,0,0,Telehealth No,0,3,1,0,0,0,1,1,0,0,0,0,1,0,1,1,1,1,1,1,0,0,0,0,0,1,0,0,0,0,0,1,0,0,0,0,0,1,0,0,0,0,0,0,0,0,1,1,Single State
179,1,0,1,0,1,0,1,0,1,Telehealth No,1,3,1,0,1,0,0,1,0,0,0,0,1,0,0,1,1,1,1,1,0,1,1,0,0,1,0,1,0,0,0,1,1,0,0,0,1,0,0,0,0,0,0,1,0,0,1,1,combination
180,1,0,0,1,0,1,0,0,0,Telehealth Yes,0,3,1,1,0,0,0,0,0,0,0,1,0,0,0,1,0,0,0,1,0,0,0,0,0,0,0,0,0,1,0,0,0,0,0,0,0,0,0,1,0,0,0,0,0,0,0,1,Single State
181,0,1,0,0,0,0,1,0,0,Telehealth No,0,3,1,0,0,0,0,1,0,0,0,0,1,1,0,1,0,0,0,0,0,0,0,0,0,1,1,1,0,0,0,1,0,0,0,0,0,0,0,0,0,0,0,1,0,0,1,1,Single State
182,1,0,0,0,0,0,1,0,0,Telehealth No,0,3,1,0,0,0,0,1,0,0,0,0,1,0,0,1,1,1,1,0,0,0,0,0,0,1,1,0,0,0,0,1,0,0,0,0,0,0,0,0,0,0,0,0,0,0,1,1,Single State
183,1,0,0,0,0,1,0,0,0,Telehealth No,0,3,1,0,0,0,1,1,0,0,0,0,1,1,1,1,0,1,1,1,0,1,0,0,1,1,0,1,0,0,0,1,0,0,0,0,0,1,0,0,0,0,0,0,0,0,1,1,Single State
184,1,0,0,1,0,1,0,0,0,Telehealth Yes,0,3,1,1,0,0,0,0,0,1,0,0,0,1,1,1,0,0,1,1,0,0,0,0,0,1,1,1,0,1,0,0,0,0,0,0,0,0,0,0,0,0,0,0,0,0,0,1,Single State
185,0,1,0,0,0,1,0,0,0,Telehealth No,0,3,1,0,0,0,0,1,1,0,0,0,1,1,0,1,0,0,1,1,0,0,0,0,0,1,1,1,0,0,0,1,0,0,0,0,1,0,0,0,0,0,0,0,0,0,1,1,Single State
186,0,1,0,0,0,1,0,0,0,Telehealth No,0,3,1,0,0,0,0,1,0,0,0,0,1,0,0,1,1,1,1,1,0,0,0,0,0,1,1,0,0,0,0,1,0,0,0,0,0,0,0,0,0,0,0,0,0,0,1,1,Single State
187,0,0,1,0,0,1,0,0,0,Telehealth No,0,3,1,0,0,0,0,1,0,0,0,0,0,0,0,1,1,1,1,1,0,0,0,0,0,0,0,0,0,0,0,1,0,0,0,0,0,1,0,0,0,0,0,0,0,0,1,1,Single State
188,0,1,0,0,0,1,0,0,0,Telehealth No,0,3,1,0,0,0,1,1,0,0,0,0,1,0,1,1,0,1,1,1,0,1,0,0,0,1,0,0,0,0,0,0,0,0,0,0,0,1,0,0,0,0,0,0,0,0,0,1,Single State
189,1,0,0,0,0,1,0,0,0,Telehealth No,0,3,0,0,0,1,0,0,0,0,0,1,0,0,1,0,0,0,0,0,0,0,0,1,0,0,0,0,0,0,0,0,0,0,0,0,0,0,0,0,0,0,0,0,0,0,0,0,Single State
190,0,0,1,1,0,0,0,0,0,Telehealth Yes,0,3,0,1,0,0,0,0,0,1,0,0,0,0,1,1,0,1,1,1,0,1,0,0,0,1,0,0,0,0,0,0,0,0,0,0,0,0,0,0,0,0,0,0,0,0,0,1,Single State
191,1,0,0,0,0,1,0,0,0,Telehealth No,0,3,1,0,0,0,0,0,0,0,0,1,0,0,0,1,0,0,1,1,0,0,0,0,1,1,0,0,0,0,0,0,0,0,0,0,0,0,0,0,0,0,0,0,0,0,0,1,Single State
192,0,1,0,0,0,1,0,0,0,Telehealth No,0,3,1,0,0,0,0,1,0,0,0,0,1,0,0,1,0,0,1,1,0,0,0,0,0,1,0,0,0,0,0,1,0,0,0,0,0,0,0,0,0,0,0,0,0,0,1,1,Single State
193,1,0,1,0,1,0,1,0,0,Telehealth No,1,3,1,0,1,0,0,1,0,0,0,0,1,0,0,1,1,1,1,1,0,0,0,0,0,1,0,1,0,0,0,1,0,0,0,0,0,0,0,0,0,0,0,0,0,0,1,1,combination
194,1,0,0,0,0,1,0,0,0,Telehealth No,0,3,1,0,0,0,0,0,0,1,0,0,0,0,0,1,0,0,1,1,0,0,0,0,1,1,1,1,0,0,0,0,0,0,0,0,0,0,0,0,0,0,0,0,0,0,0,1,Single State
195,0,1,0,0,0,1,0,0,0,Telehealth No,0,3,1,0,0,0,1,1,0,0,0,0,1,0,0,1,0,0,1,1,0,0,0,0,0,1,0,0,0,0,0,0,0,0,0,0,0,0,0,0,0,0,0,0,0,0,0,1,Single State
196,0,0,1,0,0,0,0,1,0,Telehealth No,0,3,1,0,0,0,0,1,0,0,0,0,1,0,1,1,1,0,0,0,0,0,0,0,0,1,0,0,0,0,0,0,0,0,0,0,0,0,0,0,0,0,0,0,0,0,0,1,Single State
197,1,1,1,1,0,0,0,0,0,Telehealth Yes,0,3,0,1,0,0,0,0,0,1,0,0,1,1,0,1,1,1,1,1,0,1,0,0,1,1,1,1,0,0,0,0,0,0,0,0,0,1,0,0,0,0,0,0,0,0,0,1,combination
198,0,0,1,1,0,1,0,0,0,Telehealth Yes,0,3,1,1,0,0,0,0,0,1,0,0,0,1,0,1,0,0,1,1,0,0,0,0,1,1,1,0,0,0,0,0,0,0,0,0,0,0,0,0,0,0,0,0,0,0,0,1,Single State
199,0,1,0,1,1,1,0,0,0,Telehealth Yes,1,3,1,1,1,0,0,0,0,1,0,0,0,1,0,1,0,0,1,1,0,0,0,0,0,1,0,0,0,0,0,0,0,0,0,0,0,0,0,0,0,0,0,0,0,0,0,1,Single State
200,1,0,0,1,0,1,0,0,0,Telehealth Yes,0,3,1,1,0,0,0,0,0,1,0,0,0,1,0,1,0,0,1,1,0,1,0,0,1,1,1,1,0,0,0,0,0,0,0,0,0,0,0,0,0,0,0,0,0,0,0,1,Single State
201,1,0,0,0,0,1,0,0,0,Telehealth No,0,3,1,0,0,0,0,0,1,0,0,0,1,0,0,1,0,0,0,0,0,0,0,0,0,1,0,0,0,0,0,0,0,0,0,0,0,0,0,0,0,0,0,0,0,0,0,1,Single State
202,0,0,1,1,0,0,1,0,0,Telehealth Yes,0,3,1,1,0,0,0,0,0,1,0,0,0,1,1,1,0,0,1,1,0,0,0,0,0,1,0,0,0,0,0,0,0,0,0,0,0,0,0,0,0,0,0,0,0,0,0,1,Single State
203,1,0,0,0,0,0,1,0,0,Telehealth No,0,3,1,0,0,0,1,1,0,0,0,0,1,1,1,1,0,0,1,1,0,0,0,0,1,1,1,1,0,0,0,0,0,0,0,0,0,1,0,0,0,0,0,0,0,0,0,1,Single State
204,0,0,1,1,0,0,1,0,0,Telehealth Yes,0,3,1,1,0,0,0,0,0,0,1,0,1,0,0,1,1,0,1,1,0,0,0,0,0,1,1,1,0,0,0,0,0,0,0,0,0,0,0,0,0,0,0,0,0,0,0,1,Single State
205,1,0,0,1,0,1,0,0,0,Telehealth Yes,0,3,1,1,0,0,0,0,0,1,0,0,0,1,0,1,0,0,1,1,0,0,0,0,0,1,0,0,0,0,0,0,0,0,0,0,0,0,0,0,0,0,0,0,0,0,0,1,Single State
206,1,0,0,0,0,1,0,0,0,Telehealth No,0,3,1,0,0,0,0,1,0,0,0,0,1,1,0,1,0,0,1,1,0,1,0,0,0,1,0,1,0,0,0,0,0,0,0,0,0,0,0,0,0,0,0,0,0,0,0,1,Single State
207,1,0,0,0,0,1,0,0,0,Telehealth No,0,3,1,0,0,0,0,0,1,1,0,0,0,1,1,1,0,0,1,1,0,0,0,0,0,1,0,1,0,0,0,0,0,0,0,0,0,1,0,0,0,0,0,0,0,0,0,1,Single State
208,1,0,0,0,0,1,0,0,1,Telehealth No,0,3,1,0,0,0,0,1,0,0,0,0,0,1,0,1,0,0,1,1,0,0,0,0,0,0,0,0,0,0,0,1,0,0,0,0,0,0,0,0,0,0,0,0,0,0,1,1,Single State
209,1,0,0,1,0,1,0,0,0,Telehealth Yes,0,3,1,1,0,0,0,0,0,0,0,1,0,1,0,1,0,1,1,1,0,0,1,0,1,1,1,0,0,0,0,0,0,0,0,1,0,1,0,0,0,0,0,1,0,0,0,1,Single State
210,1,0,0,1,0,1,0,0,0,Telehealth Yes,0,3,1,1,0,0,0,0,0,1,0,0,0,1,0,1,0,0,1,1,0,0,0,0,1,1,0,1,0,0,0,1,0,0,0,0,0,0,0,0,0,0,0,0,0,0,1,1,Single State
211,0,1,0,1,0,1,0,0,0,Telehealth Yes,0,3,1,1,0,0,0,1,1,1,1,0,0,0,0,1,0,0,1,1,0,0,0,0,0,1,0,1,0,0,0,0,0,0,0,0,0,0,0,0,0,0,0,0,0,0,0,1,Single State
212,1,0,0,0,0,1,0,0,0,Telehealth No,0,3,1,0,0,0,1,1,0,0,0,0,1,0,0,1,0,0,0,0,0,0,0,0,0,1,1,1,0,0,0,0,0,0,0,0,0,0,0,0,0,0,0,0,0,0,0,1,Single State
213,1,0,0,0,0,1,0,0,0,Telehealth No,0,3,1,0,0,0,0,0,0,0,0,1,0,1,1,1,0,0,1,1,0,1,0,0,0,1,0,0,0,0,0,0,0,0,0,0,0,0,0,0,0,0,0,0,0,0,0,1,Single State
214,1,0,0,1,0,1,0,0,0,Telehealth Yes,0,3,1,1,0,0,0,0,1,0,0,0,1,1,0,1,0,0,0,0,0,0,0,0,0,1,0,1,1,0,0,0,0,0,0,0,0,0,0,0,0,0,0,0,0,0,0,1,Single State
215,0,1,0,1,0,1,0,0,0,Telehealth Yes,0,3,1,1,0,0,0,0,0,1,0,0,0,0,1,1,0,1,1,1,0,0,0,0,0,1,0,0,0,0,0,0,0,0,0,0,0,0,0,0,0,0,0,0,0,0,0,1,Single State
216,1,0,0,0,0,1,0,0,0,Telehealth No,0,3,1,0,0,0,1,1,0,0,1,0,1,0,1,1,1,0,1,1,0,0,0,0,0,1,0,0,0,0,0,1,0,0,0,0,0,0,0,0,0,0,0,0,0,0,1,1,Single State
217,1,0,0,1,0,1,0,0,0,Telehealth Yes,0,3,1,1,0,0,0,0,0,1,0,0,0,0,0,0,0,0,0,0,0,0,0,1,0,1,0,0,0,0,0,0,0,0,0,0,0,0,0,0,0,0,0,0,0,0,0,0,Single State
218,1,0,0,0,0,0,1,0,0,Telehealth No,0,3,1,0,0,0,0,1,0,0,0,0,1,0,1,1,0,0,0,0,0,1,0,0,0,1,0,1,0,0,0,0,0,0,0,0,0,0,0,0,0,0,0,0,0,0,0,1,Single State
219,0,1,0,0,0,0,1,0,0,Telehealth No,0,3,1,0,0,0,1,1,0,0,0,0,1,0,0,1,1,1,1,1,0,0,0,0,0,1,0,1,0,0,0,1,0,0,0,0,1,1,0,0,0,0,0,0,0,0,1,1,Single State
220,1,0,0,0,0,0,1,0,1,Telehealth No,0,3,1,0,0,0,0,1,0,0,0,0,1,0,0,1,0,0,0,1,0,0,0,0,0,1,0,0,0,0,0,1,0,0,0,0,0,0,0,0,0,0,0,0,0,0,1,1,Single State
221,0,1,0,0,0,1,0,0,0,Telehealth No,0,3,1,0,0,0,1,1,0,0,0,0,1,0,0,1,0,0,1,0,0,0,0,0,0,1,0,1,0,0,0,0,0,0,0,0,0,0,0,0,0,0,0,0,0,0,0,1,Single State
222,1,0,0,0,0,1,0,0,0,Telehealth No,0,3,1,0,0,0,1,1,0,0,0,0,1,0,0,1,0,0,1,1,0,0,0,0,0,1,0,1,0,0,0,0,0,0,0,0,0,0,0,0,0,0,0,0,0,0,0,1,Single State
223,1,0,0,0,0,1,0,0,0,Telehealth No,0,3,1,0,0,0,0,0,0,1,0,0,1,1,1,1,0,0,1,1,0,0,0,0,0,1,0,0,0,0,0,0,0,0,0,0,0,0,0,0,0,0,0,0,0,0,0,1,Single State
224,0,0,1,0,0,1,0,0,0,Telehealth No,0,3,1,0,0,0,0,0,1,1,0,0,1,0,0,1,0,0,0,0,0,0,0,0,0,1,1,0,0,0,0,0,0,0,0,0,0,0,0,0,0,0,0,0,0,0,0,1,Single State
225,0,1,0,0,0,1,0,0,0,Telehealth No,0,3,1,0,0,0,1,1,0,0,0,0,1,0,0,1,1,0,1,1,0,0,0,0,0,1,0,0,0,0,0,0,0,0,0,0,0,0,0,0,0,0,0,0,0,0,0,1,Single State
226,1,0,0,1,0,1,0,0,0,Telehealth Yes,0,3,1,1,0,0,0,0,0,1,0,0,0,0,1,1,0,0,0,1,0,0,0,0,1,1,1,0,0,0,0,0,0,0,0,0,0,0,0,0,0,0,0,0,0,0,0,1,Single State
227,1,0,0,1,0,0,0,0,0,Telehealth Yes,0,3,0,1,0,0,0,0,0,1,0,0,0,1,0,1,0,1,1,1,0,1,0,0,0,1,1,0,0,0,0,0,0,0,0,0,0,0,0,0,0,0,0,0,0,0,0,1,Single State
228,1,0,0,0,0,1,0,0,0,Telehealth No,0,3,1,0,0,0,0,0,1,1,0,0,1,1,0,1,0,1,1,1,0,0,0,0,0,1,0,1,0,0,0,0,0,0,0,0,0,0,0,0,0,0,0,0,0,0,0,1,Single State
229,1,0,0,1,0,1,0,0,0,Telehealth Yes,0,3,1,1,0,0,0,0,0,0,0,1,1,0,1,1,1,1,1,1,0,0,0,0,0,1,0,0,1,0,0,0,0,0,0,0,0,0,0,0,0,0,0,0,0,0,0,1,Single State
230,0,1,0,0,0,1,0,0,0,Telehealth No,0,3,1,0,0,0,0,1,0,0,0,0,1,1,0,1,1,0,1,0,0,0,0,0,0,1,0,0,0,0,0,0,0,0,0,0,0,0,0,0,0,0,0,0,0,0,0,1,Single State
231,0,1,1,0,0,0,0,1,0,Telehealth No,0,3,1,0,0,0,1,1,0,0,0,0,0,0,1,1,0,0,0,0,0,0,0,0,0,1,0,1,0,0,0,0,0,0,0,0,0,0,0,0,0,0,0,0,0,0,0,1,combination
232,1,0,0,0,0,0,1,0,0,Telehealth No,0,3,1,0,0,0,1,1,1,1,1,0,0,0,1,1,0,0,0,1,0,0,0,0,0,1,0,0,0,0,0,0,0,0,0,0,0,0,0,0,0,0,0,0,0,0,0,1,Single State
233,1,0,0,0,0,1,0,0,0,Telehealth No,0,3,1,0,0,0,0,1,0,0,0,0,1,0,1,1,0,0,0,0,0,0,0,0,0,1,0,0,0,0,0,1,0,0,0,0,0,0,1,0,0,0,0,0,0,0,1,1,Single State
